Generation, Fitness, Time











11,0.8642898,0.0080167
